id	tf_uniprot_id
EXP045650	A0A0B4K6B8
EXP045632	P10627
EXP045603	Q45VV3
EXP045606	Q08605
EXP045587	P50536
EXP045569	P10084
EXP045567	Q8IN81
EXP045565	P83949
EXP045553	P17789
EXP045551	P17789
EXP045547	P07548
EXP045539	P14083
EXP045537	P20153
EXP045531	A1Z8A6
EXP045523	P07247
EXP045513	O46339
EXP045505	Q8IN81
EXP045501	P14083
EXP045499	Q01295
EXP045497	P06601
EXP045495	P10084
EXP045493	Q94545
EXP045485	Q9NJG9
EXP045483	Q9NJG9
EXP045480	Q9NJG9
EXP045470	Q01842
EXP045447	M9PBL3
EXP045416	Q9VB52
EXP045415	Q9VB52
EXP045406	Q9W539
EXP045402	P40427
EXP045398	Q4R0P9
EXP045390	P45975
EXP045388	P07247
EXP045384	P05205
EXP045378	P18102
EXP045369	P20659
EXP045371	P11346
EXP045372	P26017
EXP045361	P06602
EXP045342	M9PH39
EXP045340	M9PH39
EXP045339	M9PH39
EXP045338	M9PH39
EXP045337	M9PH39
EXP044578	P23792
EXP044574	Q9VN10
EXP044572	A0A0B4K765
EXP044568	Q9VUQ5
EXP044559	P09085
EXP044557	P34021
EXP044555	Q9VS55
EXP044554	P09085
EXP044521	Q9W517
EXP044526	O18415
EXP044528	A1Z8S6
EXP044531	A1Z8S6
EXP044532	Q7PLI2
EXP044479	P48996
EXP044469	P34706
EXP044502	G5EBL3
EXP044494	P48996
EXP044493	P34706
EXP044492	P34706
EXP044490	P34706
EXP044484	G5EBL3
EXP044476	Q10661
EXP044472	P34706
EXP044399	Q22703
EXP044414	P30630
EXP044401	G5EF11
EXP044395	Q22703
EXP044406	G5EDT1
EXP044410	P30630
EXP044426	Q95QD7
EXP044381	G5EDE2
EXP044379	O44743
EXP044369	Q9XTB5
EXP044357	P48996
EXP044360	P48996
EXP044342	P90916
EXP044340	P34706
EXP044331	P30630
EXP044327	Q95QD7
EXP044323	Q23482
EXP044120	Q9VEW6
EXP043830	Q9VJZ3
EXP044267	F9W320
EXP043460	Q9VXQ6
EXP043576	Q09620
EXP043979	G5ECU7
EXP044254	G5EFF5
EXP043904	Q9V9N4
EXP043578	P18488
EXP044261	Q22812
EXP043747	O17593
EXP044219	Q17381
EXP043449	A1Z7M0
EXP043666	P91868
EXP043902	A8MPH9
EXP043985	Q9N5D6
EXP043815	Q01295
EXP044040	P10083
EXP043490	Q9VGK1
EXP043754	Q9TZK1
EXP044109	Q21701
EXP043442	Q9W0P9
EXP043609	O17025
EXP043486	Q7KNF5
EXP044199	Q17905
EXP043821	A1Z936
EXP043524	B6IDS0
EXP043543	P07664
EXP044052	O61734
EXP043569	B7YZU0
EXP043457	P02836
EXP044003	P91868
EXP043951	Q9VP57
EXP043522	Q24142
EXP044220	Q9VJ37
EXP043769	Q09228
EXP044108	Q9VRV4
EXP044061	Q9VUL1
EXP044122	H2KYD3
EXP044105	A1Z927
EXP043738	Q9V481
EXP043848	Q9VKM6
EXP043587	P22980
EXP044207	Q9VL91
EXP043685	Q18605
EXP043466	A4V1Y6
EXP043694	O44505
EXP043670	P24350
EXP044024	Q17370
EXP043642	M9PGS2
EXP044070	P51023
EXP043930	Q01071
EXP043915	Q86MJ3
EXP043445	G5ECF7
EXP043462	Q22703
EXP044055	P34021
EXP043497	G5ECF7
EXP043713	B4F5U4
EXP043652	Q27395
EXP043703	Q9W137
EXP043803	G5EF71
EXP043920	G5EG44
EXP043515	Q8SZN9
EXP044264	D0VWN0
EXP043669	O18065
EXP043711	G5EDT1
EXP044017	Q93705
EXP043789	G5EDE1
EXP043684	G5EFQ5
EXP044044	M9NEU8
EXP043875	O16748
EXP044171	Q966L8
EXP044042	P32085
EXP043982	Q24168
EXP043970	Q8T092
EXP043828	Q9VWC6
EXP043698	G5EF11
EXP044242	Q24142
EXP043493	Q9VQD6
EXP044060	G5ECF7
EXP043580	Q9VL80
EXP043884	P18289
EXP044193	Q9W409
EXP043725	E1JGZ3
EXP044007	Q9N5S3
EXP043594	G5EBU4
EXP043999	P34684
EXP043547	P42003
EXP043741	P29774
EXP043608	Q23521
EXP044221	Q23294
EXP043688	A8DY91
EXP043539	Q9N5D6
EXP043836	Q24318
EXP043865	P10038
EXP043664	Q9VLK8
EXP044225	G5EFF5
EXP043559	O96660
EXP043868	O16748
EXP043993	O01789
EXP043771	Q9VTK6
EXP043863	Q86S28
EXP043878	Q9VLA6
EXP044133	Q9VBR8
EXP043453	Q9V406
EXP043633	H9G332
EXP044102	Q8IN81
EXP044218	Q9VS55
EXP043779	Q23521
EXP043468	Q9VAB8
EXP043640	Q22829
EXP043893	G5EEG1
EXP044066	P91943
EXP043879	H2KZR6
EXP043596	P10105
EXP043701	Q8MSB3
EXP043557	Q9VQ77
EXP043746	Q86BR8
EXP043860	Q8IMA2
EXP044008	Q24151
EXP044256	Q21836
EXP043619	Q9XTP7
EXP043921	Q8IRT6
EXP043500	O45080
EXP043657	Q11178
EXP044038	Q18533
EXP043877	Q9VFB9
EXP043675	P09088
EXP043662	G5EEG1
EXP044059	Q24312
EXP044027	P10084
EXP044094	Q9W0K4
EXP044057	O16748
EXP044178	Q8WQF4
EXP043964	Q17922
EXP044285	O17646
EXP043471	Q9W4S7
EXP043752	P14003
EXP044250	Q9VHL0
EXP043889	Q7KSE4
EXP043919	Q9XV35
EXP044150	Q9W1N1
EXP044293	Q19723
EXP043849	P13097
EXP044191	A8DYS7
EXP043813	G5ECN8
EXP044126	P14003
EXP044289	G5ECU7
EXP043976	G5EEG1
EXP043901	P42283
EXP044158	Q18248
EXP044188	Q05192
EXP044272	Q23294
EXP043721	G5EDE2
EXP043428	Q17381
EXP043673	Q9VAF2
EXP043540	P91943
EXP043992	P10038
EXP044037	Q23521
EXP044079	P08970
EXP043585	Q9N5S3
EXP043770	Q9VP06
EXP043426	M9ND53
EXP044053	Q19345
EXP043729	Q9VHD1
EXP043723	Q9VHA4
EXP043861	P22807
EXP043855	Q7KAH0
EXP043699	A8WFJ9
EXP043499	Q93560
EXP044246	P45896
EXP043634	Q17905
EXP044278	Q17561
EXP044222	A8MPH9
EXP043832	D4G7A5
EXP043854	Q21701
EXP044245	Q10666
EXP043906	P22813
EXP043693	O46339
EXP043859	Q20448
EXP044083	Q86B87
EXP043697	Q22190
EXP043847	P10038
EXP043805	G5ECF7
EXP043732	O61735
EXP043753	Q8MNV9
EXP043928	Q9XZS8
EXP043668	Q86MJ3
EXP044075	Q22703
EXP043419	Q86MJ3
EXP043814	Q65CM0
EXP044103	G5EGD2
EXP043660	O62183
EXP043635	P41828
EXP043759	Q9VQV3
EXP043892	Q9VIY9
EXP043418	Q17768
EXP044067	E2QC93
EXP043819	Q9W3J9
EXP044209	Q9V452
EXP043911	Q20082
EXP043715	Q22292
EXP044054	G5EDE1
EXP044206	G5EBU4
EXP044157	P08970
EXP044116	O17894
EXP043773	Q9VJ16
EXP043682	Q24119
EXP043712	Q00G30
EXP044101	G5EF71
EXP043722	Q9VM61
EXP043581	O01789
EXP044073	A1Z8R2
EXP043492	P40657
EXP043549	Q09534
EXP043947	G5ECF7
EXP043774	Q9VNP4
EXP043455	P34522
EXP043845	Q9VD60
EXP043898	Q24151
EXP044186	P06601
EXP043590	Q9W3Q5
EXP043793	E1JJD1
EXP043625	Q9VZU5
EXP043913	Q09565
EXP043622	P31264
EXP044260	Q19787
EXP043676	P05205
EXP043749	O62183
EXP043782	Q9VID4
EXP043933	Q9VRN4
EXP043508	Q9VYW2
EXP044032	Q01070
EXP043720	Q4V6Y7
EXP043866	M9NE67
EXP043974	Q09604
EXP044211	D3PFH7
EXP044286	Q9VX20
EXP044022	Q9W0H9
EXP044107	P10734
EXP043891	P20482
EXP043451	G5EDE2
EXP043523	Q9VC61
EXP044179	Q9W0T1
EXP043905	B6VQ99
EXP044284	Q9VSE9
EXP043837	Q9VML1
EXP043936	O16748
EXP043755	G5ECF7
EXP043512	Q93246
EXP043511	O61845
EXP043953	Q9VZU3
EXP043702	Q9VWL4
EXP043880	O17593
EXP043802	Q9TZI2
EXP044251	P28515
EXP043555	A8DY48
EXP043957	M9PDE2
EXP043823	P07665
EXP043962	Q0IGT4
EXP044233	B7Z0N0
EXP043750	E1JIH4
EXP044085	O01441
EXP043937	Q21701
EXP044077	P34021
EXP043983	Q9VH87
EXP043482	G5EGF8
EXP043528	Q19691
EXP044019	A8JRE3
EXP043597	O01519
EXP044227	G5ECG2
EXP043736	G5ECN8
EXP043864	G5EF11
EXP043573	Q22289
EXP044231	G5EFY7
EXP044215	Q95QA9
EXP043538	Q9W1P8
EXP043605	P34326
EXP043489	Q86CW5
EXP043584	P42283
EXP043461	P41894
EXP043940	H2L0N3
EXP043551	G5ECG2
EXP043714	Q9TZI2
EXP043807	Q01295
EXP043781	Q9NK54
EXP044068	P20482
EXP043775	Q86P06
EXP044110	P45447
EXP043745	P34684
EXP044147	Q965P0
EXP043743	Q9VD04
EXP044011	O16748
EXP044208	Q9V480
EXP043630	O62609
EXP044241	Q10938
EXP044097	O44743
EXP044081	O02219
EXP043683	Q9VYG4
EXP044047	Q9VGQ5
EXP043527	P34707
EXP043574	G5EDT1
EXP044213	Q18919
EXP043730	M9PGS2
EXP043995	P91868
EXP043659	P14003
EXP044243	Q9XUK7
EXP044132	Q17381
EXP043960	Q29R10
EXP044177	Q94513
EXP044283	Q86MJ3
EXP043679	Q9W1H0
EXP043787	P91437
EXP044062	H2KZR6
EXP043731	P25822
EXP043826	Q7JNN6
EXP043691	M9PGS2
EXP043943	Q9VSL0
EXP043456	G5ECF7
EXP044176	Q24256
EXP043788	G5EF11
EXP043626	Q2PE13
EXP044275	Q9XVS4
EXP043704	Q86MH8
EXP043677	Q966B8
EXP044237	P20009
EXP044033	Q19753
EXP044006	Q09228
EXP043760	G5EFF5
EXP044064	Q9VUG3
EXP044036	B3GWA6
EXP044100	Q9NLC2
EXP043705	Q94165
EXP043949	Q5U110
EXP043751	Q9VGZ5
EXP043881	Q9VSL1
EXP043886	Q21502
EXP044099	Q24168
EXP043734	G5ECR9
EXP042543	P45968
EXP042534	P91868
EXP042519	P34708
EXP042524	P34708
EXP042521	P34708
EXP042504	G5EGE9
EXP042506	Q95XZ5
EXP042507	P34341
EXP042478	Q19345
EXP042473	P48996
EXP042471	G5EF11
EXP042469	G5EDT1
EXP042467	G5EF11
EXP042466	Q22703
EXP042464	G5EDE2
EXP042463	G5EDT1
EXP042331	G5EDU4
EXP042327	P20271
EXP042317	P48996
EXP042316	P48996
EXP042313	Q17381
EXP042312	Q17381
EXP042305	Q06211
EXP042281	P40356
EXP042274	P40356
EXP042280	P47821
EXP042220	P20050
EXP042216	P20050
EXP042213	P14291
EXP042215	P20050
EXP042212	P20050
EXP042194	P22082
EXP042192	P22082
EXP042118	P32841
EXP042117	P32841
EXP042115	P32841
EXP042114	P32841
EXP042113	P32841
EXP042112	P32841
EXP042106	P32841
EXP042104	P32841
EXP042102	P32841
EXP042101	P32841
EXP042100	P32841
EXP042099	P32841
EXP042098	P32841
EXP042094	P32841
EXP042091	P32841
EXP042090	P32841
EXP042089	P32841
EXP042087	P32841
EXP042085	P32841
EXP042084	P32841
EXP042082	P32841
EXP042081	P32841
EXP042093	P32841
EXP042080	P32841
EXP042079	P32841
EXP042078	P32841
EXP042077	P32841
EXP042076	P32841
EXP042075	P32841
EXP042074	P32841
EXP042073	P32841
EXP042072	P32841
EXP042071	P32841
EXP042022	P47037
EXP042021	P47037
EXP042020	P47037
EXP042019	P47037
EXP042018	P32908
EXP042017	P32908
EXP042016	P32908
EXP042001	Q12172
EXP042000	Q12172
EXP041999	Q12172
EXP041998	Q12172
EXP041996	Q12172
EXP041988	P00549
EXP041987	P00549
EXP041986	P40510
EXP041983	P10659
EXP041957	Q04002
EXP041953	Q12188
EXP041951	Q12188
EXP041946	P31111
EXP041941	P14291
EXP041940	P14291
EXP041939	P14291
EXP041938	P14291
EXP041937	P47037
EXP041936	Q12188
EXP041934	P20050
EXP041933	P14291
EXP041932	P14291
EXP041921	P13586
EXP041920	P13586
EXP041919	P13586
EXP041909	P29055
EXP041907	P29055
EXP041903	P32561
EXP041899	P32561
EXP041898	P32561
EXP041880	P32558
EXP041858	P39521
EXP041861	P39520
EXP041853	P22082
EXP041852	P22082
EXP041851	P22082
EXP041850	P22082
EXP041849	P22082
EXP041848	P22082
EXP041847	P22082
EXP041846	P22082
EXP041844	P22082
EXP041843	P22082
EXP041840	P22082
EXP041839	P22082
EXP041838	P22082
EXP041813	P09959
EXP041812	P09959
EXP041806	P25302
EXP041810	P53032
EXP041809	Q03125
EXP041808	Q03125
EXP041805	P38165
EXP041804	P38165
EXP041799	P38165
EXP041798	P38165
EXP041796	P03069
EXP041795	P03069
EXP041751	P47156
EXP041740	P09959
EXP041732	A0A023IRJ6
EXP041731	P23179
EXP041728	Q12188
EXP041730	P23179
EXP041729	P23179
EXP041718	P15873
EXP041719	P15873
EXP041720	P15873
EXP041722	P38630
EXP041717	P32354
EXP041716	P53091
EXP041713	P53091
EXP041626	Q03214
EXP041625	Q03214
EXP041622	P53127
EXP041592	P39520
EXP041584	Q02100
EXP041579	P32485
EXP041576	P36012
EXP041573	P35201
EXP041560	P07269
EXP041558	P07270
EXP041565	A0A023IRJ6
EXP041541	Q9STM3
EXP041533	Q56WH4
EXP041518	O04379
EXP041516	O04379
EXP041515	O04379
EXP041512	O04379
EXP041511	O04379
EXP041510	O04379
EXP041509	O04379
EXP041508	O04379
EXP041504	O04379
EXP041506	O04379
EXP041486	Q9SG86
EXP041487	Q9SG86
EXP041478	Q9C5T4
EXP041480	Q9SAH7
EXP041470	Q8S8P5
EXP041472	Q9C5T4
EXP041474	Q9SAH7
EXP041471	Q9C5T4
EXP041473	Q9SAH7
EXP041458	Q9LZU9
EXP041418	Q9M7Q2
EXP041419	P46897
EXP041422	A0A178US99
EXP041423	O22533
EXP041424	O22533
EXP041430	Q9FDW1
EXP041433	Q93VY3
EXP041434	Q93VY3
EXP041435	O82132
EXP041436	O82132
EXP041438	Q9S9K9
EXP041439	Q9C690
EXP041440	Q9C690
EXP041444	P42775
EXP041446	Q8LCG7
EXP041447	Q9CAR0
EXP041448	Q9CAR0
EXP041449	Q8H115
EXP041450	Q8H115
EXP041451	P42776
EXP041455	Q9FGJ3
EXP041456	Q9FGJ3
EXP041373	Q8W2F3
EXP041372	Q96524
EXP041346	Q8H1P9
EXP041340	Q9SQX9
EXP041341	Q9SQY0
EXP041343	Q8GUI6
EXP041323	Q9SUA1
EXP041321	Q9SUA1
EXP041317	Q9FNY0
EXP041315	Q9ZPW3
EXP041307	Q9ZTX8
EXP041305	Q6S591
EXP041303	Q9M0B9
EXP041301	Q93WK5
EXP041300	Q93WK5
EXP041297	Q9LY29
EXP041282	P35631
EXP041285	O22456
EXP041253	Q9XGM3
EXP041252	Q9XGM3
EXP041251	Q9XGM3
EXP041245	Q6LA42
EXP041236	Q9ZVD5
EXP041225	Q84LH8
EXP041217	Q9SE43
EXP041216	Q9SE43
EXP041201	O13936
EXP041200	O13936
EXP041199	O13936
EXP041198	O13936
EXP041180	Q9UTE3
EXP041151	G2TRJ8
EXP041153	O74842
EXP041155	O42861
EXP041157	O14148
EXP041159	Q9UTN6
EXP041161	O94267
EXP041152	O74842
EXP041154	O42861
EXP041156	O14148
EXP041160	O94267
EXP041138	O42934
EXP041141	P56523
EXP041142	P56523
EXP041143	P56523
EXP041144	O60016
EXP041145	O60016
EXP041125	O13861
EXP041121	Q9Y7Z8
EXP041098	Q96UP3
EXP041085	P41003
EXP041087	Q9UTL5
EXP041065	Q9HDY7
EXP041064	Q9P802
EXP041044	O42858
EXP041043	O14026
EXP041040	O14026
EXP041028	O60104
EXP041026	Q504I8
EXP041019	Q6TEL1
EXP041020	Q6JAA4
EXP041009	Q90XD1
EXP041001	P52160
EXP041000	Q8JIS6
EXP040994	Q98TU2
EXP040991	Q6PV84
EXP040986	Q90270
EXP040983	Q05AJ3
EXP040980	A5JNG8
EXP040971	Q62318
EXP040967	Q6ISB3
EXP040966	Q6ISB3
EXP040965	Q6ISB3
EXP040964	Q6ISB3
EXP040963	Q6ISB3
EXP040928	P24270
EXP040927	P42230
EXP040920	Q15910
EXP040922	Q05516
EXP040915	Q961A1
EXP040916	Q08605
EXP040917	P50536
EXP040912	Q961A1
EXP040910	Q08605
EXP040896	P61956
EXP040897	P61956
EXP040880	Q9V6Q2
EXP040879	Q9V6Q2
EXP040876	Q9V6Q2
EXP040875	Q9V6Q2
EXP040858	P09079
EXP040853	Q15796
EXP040854	Q15796
EXP040848	O70546
EXP040849	Q61188
EXP040841	Q92922
EXP040842	Q01826
EXP040843	P08651
EXP040838	Q38876
EXP040835	P23769
EXP040828	Q6ZQ88
EXP040830	Q5DU09
EXP040832	Q5DU09
EXP040818	Q9ULG1
EXP040819	Q96EZ8
EXP040820	Q9Y265
EXP040821	Q9Y230
EXP040816	P19793
EXP040815	P19793
EXP040811	P15976
EXP040812	P17542
EXP040810	P17542
EXP040807	P15976
EXP040808	P17542
EXP040799	P12755
EXP040800	Q01196
EXP040801	P17676
EXP040802	P12755
EXP040770	G4SGI5
EXP040768	P49711
EXP040765	P35175
EXP040733	Q12267
EXP040726	P42225
EXP040725	P42228
EXP040723	P42228
EXP040722	P42228
EXP040702	P23771
EXP040705	P23769
EXP040710	P05549
EXP040707	P23769
EXP040712	Q92754
EXP040703	P23771
EXP040704	P23771
EXP040706	P23769
EXP040709	P05549
EXP040708	P05549
EXP040711	Q92754
EXP040692	Q8I8V0
EXP040682	Q9UQE7
EXP040683	Q9UQE7
EXP040684	Q9UQE7
EXP040685	Q9UQE7
EXP040686	Q9UQE7
EXP040687	Q9UQE7
EXP040688	Q9UQE7
EXP040689	Q9UQE7
EXP040665	P10275
EXP040666	P55317
EXP040668	P06401
EXP040669	P04150
EXP040661	P10275
EXP040662	P04150
EXP040660	P10275
EXP040663	P03372
EXP040664	P55317
EXP040650	Q61164
EXP040648	Q61164
EXP040640	Q8VE65
EXP040639	Q8VE65
EXP040636	Q8VE65
EXP040627	Q9ESU6
EXP040625	Q9ESU6
EXP040603	Q8VEK3
EXP040602	Q8VEK3
EXP040586	P53061
EXP040588	P40511
EXP040559	O95365
EXP040558	O95365
EXP040557	O95365
EXP040555	Q9H165
EXP040533	O60885
EXP040530	P26358
EXP040531	Q15910
EXP040528	P26358
EXP040529	Q15910
EXP040526	P26358
EXP040527	Q15910
EXP040524	P26358
EXP040525	Q15910
EXP040508	Q9ESU6
EXP040490	Q14406
EXP040486	P17010
EXP040485	P17010
EXP040484	P17010
EXP040483	P17010
EXP040482	P17010
EXP040481	P17010
EXP040478	P17010
EXP040480	Q9Y462
EXP040477	P17010
EXP040479	Q9Y462
EXP040468	P01108
EXP040461	Q13772
EXP040449	Q9BYV9
EXP040447	O75626
EXP040438	P42232
EXP040440	P42232
EXP040429	P52906
EXP040426	P49711
EXP040425	P49711
EXP040422	P29052
EXP040421	P29052
EXP040420	P29052
EXP040419	P29052
EXP040413	Q3V3W4
EXP040399	P97471
EXP040398	P97471
EXP040385	P49711
EXP040384	P49711
EXP040383	P49711
EXP040379	P51450
EXP040378	P51448
EXP040360	P27782
EXP040352	Q15797
EXP040351	Q15797
EXP040332	Q06330
EXP040254	P49711
EXP040221	P04150
EXP040320	P05412
EXP040285	Q9NUA8
EXP040291	P49711
EXP040223	P04150
EXP040248	P05412
EXP040290	P49711
EXP040321	P49711
EXP040277	P04150
EXP040322	P05412
EXP040253	P49711
EXP040265	P05412
EXP040297	P04150
EXP040298	P49711
EXP040224	Q14119
EXP040282	P49711
EXP040244	P49711
EXP040241	P49711
EXP040257	P49711
EXP040246	P49711
EXP040256	P49711
EXP040279	P49711
EXP040243	P05412
EXP040271	P04150
EXP040238	Q9UQR1
EXP040228	P49711
EXP040275	P49711
EXP040263	P05412
EXP040273	P04150
EXP039382	Q61164
EXP039406	P49711
EXP039942	P17275
EXP039981	P05412
EXP039991	Q02535
EXP040130	P15408
EXP039597	Q61164
EXP039622	P25490
EXP039657	P41235
EXP039669	P61244
EXP039783	P24468
EXP039785	Q86T24
EXP039904	Q06546
EXP040078	P17535
EXP040231	P19793
EXP039579	P49711
EXP039379	P49711
EXP039475	P49711
EXP039548	P49711
EXP039574	P49711
EXP039310	P49711
EXP039499	P17676
EXP039757	P15408
EXP039892	Q9Y543
EXP040052	P20749
EXP039925	P39880
EXP039398	P49711
EXP039498	P49711
EXP039504	Q15233
EXP039660	Q01860
EXP039863	Q61164
EXP039772	P49711
EXP039822	P22736
EXP039880	P49711
EXP039457	P49711
EXP039992	Q61164
EXP039791	Q9GZX5
EXP039817	Q15697
EXP039438	P49711
EXP039408	Q13351
EXP040080	Q16254
EXP040190	P17676
EXP040054	P49711
EXP039414	Q13127
EXP039746	Q14541
EXP039847	Q9Y261
EXP039583	Q13886
EXP039454	P49711
EXP039864	P49711
EXP039416	P05412
EXP039744	P17275
EXP040072	P49711
EXP040018	Q16621
EXP040125	Q9Y2Y9
EXP040000	P49711
EXP040091	P18846
EXP039623	P15407
EXP039762	P49711
EXP039794	P17010
EXP039943	P49711
EXP040087	P49711
EXP039580	P20263
EXP039629	Q61164
EXP040147	Q80Z64
EXP039885	O43474
EXP039954	P49711
EXP040047	O15525
EXP039407	P49711
EXP039545	P05412
EXP039861	P49711
EXP040118	P49711
EXP039610	P49711
EXP039723	P49711
EXP040156	P16220
EXP039638	P49711
EXP039680	P15408
EXP039871	P17676
EXP040086	P20749
EXP040115	Q9Y543
EXP039383	P04150
EXP040089	P49711
EXP039468	P49711
EXP039840	P49711
EXP039782	P49711
EXP039556	P29375
EXP040073	O96028
EXP039370	P49711
EXP039335	Q06710
EXP039433	O75362
EXP039486	O60264
EXP039501	Q8NAF0
EXP039573	P23771
EXP039575	Q8WXI9
EXP039642	Q9NUA8
EXP039728	P17028
EXP039768	Q9UIU6
EXP040001	P67809
EXP040083	Q6ZNB6
EXP040154	P32519
EXP040232	Q6ZN55
EXP040233	O15516
EXP040258	Q8TCN5
EXP040305	O15516
EXP039895	Q06546
EXP040117	P17010
EXP039560	P10914
EXP039388	P49711
EXP039496	P05412
EXP039540	P17275
EXP039429	Q8NDX6
EXP039706	Q9UN79
EXP039875	P36402
EXP040041	Q9Y6X8
EXP039386	P49711
EXP039950	P05412
EXP040136	P17275
EXP039342	P55347
EXP039387	Q99607
EXP039910	P55317
EXP039927	Q8TF68
EXP040188	P08047
EXP040146	Q01664
EXP040192	P49711
EXP039412	P53567
EXP039339	Q15329
EXP039678	P49711
EXP039805	P49711
EXP040044	Q06546
EXP039492	Q15776
EXP039402	P49711
EXP039544	P49711
EXP039312	Q00613
EXP039460	P10242
EXP039661	P17480
EXP040030	P17676
EXP039534	P49711
EXP039707	P49711
EXP039419	P15408
EXP039591	P17676
EXP039930	Q9Y543
EXP040020	P20749
EXP039366	P13056
EXP039471	Q99583
EXP039493	O75376
EXP039672	Q15233
EXP039701	Q92610
EXP039709	Q99583
EXP039755	P10244
EXP039804	P22670
EXP040065	Q8WXI9
EXP040079	Q8IWI9
EXP040138	P10827
EXP040222	Q15596
EXP040236	Q9Y692
EXP040261	P51843
EXP040300	P18847
EXP040307	Q01094
EXP040326	Q15596
EXP039718	Q8IVC4
EXP039698	P18847
EXP039898	P49711
EXP039695	P49711
EXP039797	P04150
EXP039334	P49711
EXP040168	P04150
EXP039586	P49711
EXP040050	P49711
EXP040169	P49711
EXP039833	Q14814
EXP039627	Q14494
EXP039372	Q15853
EXP040104	Q14653
EXP040189	Q9UKL0
EXP039619	P40425
EXP040094	P18846
EXP040031	P49711
EXP039519	P05412
EXP040063	P49711
EXP040135	P17275
EXP039491	P17676
EXP039554	P15408
EXP039807	P20749
EXP039887	Q9Y543
EXP039328	P49711
EXP039345	P17535
EXP039422	Q13127
EXP039865	P55317
EXP039928	Q9Y261
EXP040012	P49711
EXP039537	P49711
EXP039487	P49711
EXP039424	Q9NUA8
EXP039489	P15336
EXP039562	O14503
EXP039605	Q13422
EXP039607	P13056
EXP039659	Q13422
EXP039665	Q9UKS7
EXP039682	O14867
EXP039748	O60264
EXP039839	Q99856
EXP039841	Q8IWY8
EXP039852	Q8N1G0
EXP039936	Q8WXI9
EXP039944	P32519
EXP039979	Q6ZNB6
EXP039986	Q9UKS7
EXP039999	Q01167
EXP040024	P10589
EXP040127	O75362
EXP040132	O94776
EXP040235	Q12968
EXP040252	P11831
EXP040289	Q06710
EXP040302	P27540
EXP039472	P49711
EXP039618	P49711
EXP039389	Q08945
EXP039490	Q9GZN2
EXP039649	Q03014
EXP039738	Q9UIS9
EXP039776	Q16534
EXP039889	Q9UIS9
EXP039897	P40425
EXP039899	Q9UBC3
EXP040060	O60381
EXP039547	P49711
EXP039870	P36402
EXP040014	Q14186
EXP039495	Q9Y543
EXP039590	P17676
EXP039640	P20749
EXP040159	P15408
EXP040134	P49711
EXP039685	P04150
EXP040068	P49711
EXP039439	P17275
EXP039604	P04150
EXP039696	P49711
EXP040107	P49711
EXP039968	P49711
EXP039740	P49711
EXP040110	P53567
EXP040101	P49711
EXP039800	P15408
EXP039935	P17676
EXP040010	P20749
EXP040070	Q9Y543
EXP040028	P49711
EXP039708	Q9UKY1
EXP039350	O43889
EXP039713	Q61164
EXP039873	O96006
EXP039463	P49711
EXP039464	Q9UJU2
EXP039520	Q01167
EXP039998	O14503
EXP040120	Q08050
EXP039652	Q86UQ0
EXP040164	P43694
EXP039924	P17028
EXP039836	P04150
EXP040046	Q15562
EXP039602	Q9P0K8
EXP039648	P19419
EXP040049	Q9UID6
EXP039505	O95625
EXP040187	Q9Y6X8
EXP039630	P51522
EXP039437	P40425
EXP039568	Q96LW1
EXP039705	P49711
EXP039884	P18848
EXP040032	P32519
EXP039538	P32519
EXP039620	P49711
EXP039572	P49711
EXP039315	P10828
EXP039359	P48380
EXP039362	Q8IX15
EXP039365	P28702
EXP039404	Q9H582
EXP039410	P17097
EXP039426	P35711
EXP039427	P53567
EXP039449	Q96EK4
EXP039479	P10276
EXP039510	Q86YP4
EXP039516	Q9UK33
EXP039571	Q8WUU5
EXP039578	Q13886
EXP039587	Q9P2R6
EXP039592	Q7Z3K6
EXP039603	Q8N344
EXP039615	P37231
EXP039684	P28347
EXP039731	Q9H2W2
EXP039741	Q9HCK0
EXP039787	Q99612
EXP039812	P10588
EXP039814	Q9UKD1
EXP039820	Q6P2D0
EXP039823	Q14582
EXP039826	Q9UMN6
EXP039855	Q9Y2D9
EXP039860	Q9UH92
EXP039878	O15535
EXP039883	Q12857
EXP039891	P55318
EXP039896	Q8N5A5
EXP039903	Q13952
EXP039908	Q4LE39
EXP039919	P10589
EXP039932	P41182
EXP039958	O14901
EXP039966	Q15776
EXP039974	Q96MX3
EXP039985	Q13485
EXP040016	Q9H7Z6
EXP040043	P19532
EXP040048	Q99594
EXP040081	Q9BW11
EXP040100	Q9UN79
EXP040112	Q6BEB4
EXP040114	Q3KQV3
EXP040119	P17036
EXP040121	Q9P0W2
EXP040126	Q9NPA5
EXP040149	Q9BXK1
EXP040153	Q8NB15
EXP040160	P78545
EXP040166	Q9NPF5
EXP040183	P49715
EXP040249	Q49AG3
EXP039523	P49711
EXP039789	P20823
EXP040139	P43268
EXP039512	P49116
EXP039432	P20749
EXP039502	P15408
EXP039761	Q9Y543
EXP039834	P17676
EXP039647	P42224
EXP040171	P17275
EXP040026	P49711
EXP040092	Q13127
EXP040113	P29375
EXP039670	P14921
EXP040082	P49711
EXP040250	Q9H9S0
EXP039581	P49711
EXP039550	P49711
EXP039452	Q96ME7
EXP039536	P49711
EXP039663	P49711
EXP039639	P49711
EXP040066	Q9BQA5
EXP039514	Q16656
EXP039712	P10588
EXP040023	Q03060
EXP039440	Q9H582
EXP039667	P49711
EXP039459	Q6NT76
EXP039390	Q15853
EXP039467	P48382
EXP039481	P36956
EXP039960	Q12772
EXP039983	P49711
EXP039971	P49711
EXP039420	Q9NUA8
EXP039835	P15336
EXP039957	Q9Y261
EXP040038	Q99583
EXP039434	P49711
EXP039637	P05412
EXP039779	P17275
EXP039361	P18847
EXP039576	P49711
EXP039854	P49711
EXP039914	P50539
EXP039609	P49711
EXP039373	Q15796
EXP039601	P17029
EXP039662	Q9NQB0
EXP039674	Q13562
EXP039692	Q01860
EXP039743	P36956
EXP039813	Q15797
EXP039900	Q9UKY1
EXP040155	P14316
EXP040191	P41212
EXP039347	P41212
EXP039632	Q03060
EXP039940	Q99717
EXP039331	P17275
EXP039507	P05412
EXP039845	P49711
EXP039929	P49711
EXP039474	P49711
EXP039569	P49711
EXP039952	P49711
EXP039341	P17275
EXP039869	P05412
EXP039321	P49711
EXP039856	O75030
EXP039857	Q16621
EXP040084	O96006
EXP039721	Q86T24
EXP039763	P18847
EXP039825	P61244
EXP040106	P25490
EXP039745	P49711
EXP039337	Q61164
EXP039311	Q13398
EXP039318	Q02447
EXP039322	Q9BU19
EXP039330	Q96MX3
EXP039338	Q9BWM5
EXP039340	Q8NBF1
EXP039343	Q2M1K9
EXP039352	A8K8V0
EXP039371	Q9UID6
EXP039375	Q9H4T2
EXP039381	P17023
EXP039393	Q3KP31
EXP039405	P10070
EXP039409	Q52M93
EXP039411	Q494X3
EXP039415	Q9UKN5
EXP039418	Q6ZNG1
EXP039425	Q96T92
EXP039431	Q8IZC7
EXP039450	Q9UEG4
EXP039451	Q5TYW1
EXP039458	P21506
EXP039470	P17028
EXP039476	Q6ZR52
EXP039484	Q13351
EXP039503	P10074
EXP039511	P11161
EXP039515	O95409
EXP039517	Q6ZSB9
EXP039526	Q8TDD2
EXP039529	Q9P2J8
EXP039533	Q9C0K0
EXP039543	Q9NV72
EXP039555	Q5JT82
EXP039559	Q9NQV6
EXP039565	Q8ND82
EXP039570	Q96C55
EXP039596	Q9BYN7
EXP039611	P17020
EXP039613	Q96MR9
EXP039621	Q9BWW7
EXP039626	Q9C0A1
EXP039653	Q9ULD5
EXP039671	A6NGD5
EXP039679	Q6ZSZ6
EXP039681	Q13886
EXP039688	Q9Y5A6
EXP039690	Q9NQX0
EXP039694	Q96EG3
EXP039697	O95125
EXP039715	O75626
EXP039717	Q9NSC2
EXP039719	P52738
EXP039729	Q8IVP9
EXP039730	P19544
EXP039736	Q9UJL9
EXP039739	P56270
EXP039747	Q8N9Z0
EXP039749	P98169
EXP039754	Q16600
EXP039764	Q8NEK5
EXP039765	Q96NJ6
EXP039766	Q9BUG6
EXP039773	Q6P9A1
EXP039784	Q9H165
EXP039786	Q9BSG1
EXP039792	Q14584
EXP039795	Q9NPC7
EXP039811	Q9BXK1
EXP039815	Q9UK33
EXP039821	Q9NR11
EXP039827	Q8N3J9
EXP039828	P52736
EXP039829	Q9UJN7
EXP039838	Q13105
EXP039844	Q12901
EXP039853	Q15072
EXP039867	Q9HC78
EXP039876	Q02086
EXP039879	Q8IZM8
EXP039882	P10075
EXP039894	P15336
EXP039901	Q8N2R0
EXP039905	Q9NYW8
EXP039912	Q5TEC3
EXP039916	O75123
EXP039920	Q9Y2K1
EXP039921	P36508
EXP039926	Q5VTD9
EXP039951	Q8N8L2
EXP039973	Q8N8C0
EXP039975	Q96K75
EXP039988	Q9NPA5
EXP039997	O75840
EXP040002	Q9H4Z2
EXP040009	O75467
EXP040013	Q96GC6
EXP040015	P17022
EXP040025	P17027
EXP040029	Q8N8Y5
EXP040033	Q8NEM1
EXP040035	Q96C28
EXP040045	Q9BZE0
EXP040061	P49711
EXP040075	P52740
EXP040099	Q3MJ62
EXP040105	O95600
EXP040109	Q6ZN18
EXP040111	Q9HBE1
EXP040124	Q9ULJ3
EXP040133	P17031
EXP040143	Q6AHZ1
EXP040151	Q8N7K0
EXP040163	O60315
EXP040172	P37275
EXP040173	P51786
EXP040179	Q9UK11
EXP040182	Q3KQV3
EXP040227	P28698
EXP040230	Q9Y2Y9
EXP040237	Q9UL59
EXP040242	O14771
EXP040260	Q68DY1
EXP040262	Q9Y2H8
EXP040268	Q9Y330
EXP040295	Q9BSK1
EXP040296	Q6P280
EXP040301	Q8TD94
EXP040310	Q9UK13
EXP040311	Q15916
EXP040319	Q9H5H4
EXP040324	P25490
EXP040325	Q6IQ21
EXP039949	P49711
EXP039645	P49711
EXP039781	P49711
EXP039704	P49711
EXP039725	P13056
EXP039635	P17275
EXP039636	Q9BXK1
EXP040021	P10588
EXP040170	O75398
EXP039528	Q61164
EXP039500	Q9BUY5
EXP039714	Q6NX49
EXP039770	Q8IZ26
EXP039803	Q8NEP9
EXP040074	Q8N143
EXP039378	Q9Y543
EXP039478	P20749
EXP039862	P15408
EXP040158	P17676
EXP039699	P49711
EXP039377	P56270
EXP039488	P05412
EXP039742	P11474
EXP039953	Q16236
EXP039913	O14867
EXP039553	Q9H2P0
EXP039497	P18146
EXP039527	Q86YP4
EXP039676	P55317
EXP039849	Q96AV8
EXP039982	Q9UJU2
EXP040239	Q13129
EXP040269	Q9NQV6
EXP039329	P55347
EXP039394	P41212
EXP039442	P17544
EXP039494	P52747
EXP039593	Q9UL17
EXP039734	Q14653
EXP039774	P42224
EXP039881	Q13568
EXP039906	Q13887
EXP039977	Q01201
EXP040085	P67809
EXP040276	Q15797
EXP040294	Q86T24
EXP040299	A0AVK6
EXP040304	Q66K89
EXP039552	O95625
EXP039369	Q86T24
EXP039428	Q8N1G0
EXP039430	P16220
EXP039546	Q14469
EXP039582	Q9Y2K1
EXP039617	P39880
EXP039631	Q01167
EXP039633	O94776
EXP039737	P22670
EXP039751	Q92610
EXP039775	P22670
EXP039917	P08047
EXP039948	O00712
EXP039996	O00712
EXP040006	Q96KM6
EXP040011	P55347
EXP040062	Q9Y6Q9
EXP040140	Q8WXI9
EXP040176	Q99856
EXP040247	P11474
EXP040266	O75362
EXP040280	Q96KM6
EXP040303	P17098
EXP040313	Q8N0Y2
EXP039980	P49711
EXP039886	Q8NDX6
EXP039802	P49711
EXP039759	P49711
EXP039535	P17676
EXP039509	P17010
EXP040145	P49711
EXP039588	Q04206
EXP040102	Q8TCN5
EXP039469	P49711
EXP039702	P04150
EXP040034	Q9Y3Q8
EXP040129	Q9Y543
EXP039628	Q8TAQ2
EXP039938	Q969G3
EXP039947	Q99583
EXP039976	P17028
EXP040150	Q99081
EXP040315	P17028
EXP040116	Q00978
EXP039724	P04150
EXP039584	Q9Y543
EXP039650	P15408
EXP040177	P17676
EXP040178	P20749
EXP039722	P04150
EXP039641	P17010
EXP039806	P49711
EXP039831	P17275
EXP039866	P49711
EXP039941	P05412
EXP039413	P49711
EXP039848	Q99717
EXP039700	P49711
EXP040077	P49711
EXP039477	Q9NPC7
EXP039480	P36402
EXP039655	Q14186
EXP039843	Q01196
EXP040037	Q16656
EXP039518	Q61164
EXP039332	Q16656
EXP039376	Q92610
EXP039444	P05412
EXP039539	P11474
EXP039563	P19419
EXP039577	O60675
EXP039585	P17029
EXP039654	P56270
EXP039668	Q13330
EXP039756	O15156
EXP039793	Q99583
EXP039809	Q9BTC8
EXP039893	P48382
EXP039931	Q9UKL0
EXP039990	P17544
EXP040095	Q15233
EXP040137	P01100
EXP040141	P55317
EXP040264	Q13562
EXP039612	P49711
EXP039606	P19419
EXP039771	Q16236
EXP039798	Q15853
EXP039888	P01100
EXP039939	O14503
EXP039750	P15036
EXP040128	P49711
EXP039677	P49711
EXP039614	P17275
EXP040017	P05412
EXP040193	P49711
EXP039666	Q06546
EXP039598	P50549
EXP039832	P49711
EXP039532	P17029
EXP039557	Q16236
EXP040053	P52747
EXP040057	Q8TF68
EXP040292	P14921
EXP039453	P49711
EXP039320	O60315
EXP039368	Q16656
EXP039374	P17542
EXP039380	P08047
EXP039391	Q99583
EXP039392	O14770
EXP039400	P67809
EXP039436	Q8IWY8
EXP039443	P18146
EXP039447	Q99081
EXP039455	Q01167
EXP039461	P10589
EXP039462	Q15788
EXP039466	Q9BTC8
EXP039485	Q16656
EXP039506	O60315
EXP039513	P35712
EXP039522	Q12968
EXP039541	Q969G3
EXP039542	Q01094
EXP039595	Q14469
EXP039600	O60264
EXP039644	Q86T24
EXP039656	Q9H7Z6
EXP039691	Q96BA8
EXP039720	P17028
EXP039726	Q08050
EXP039752	O75376
EXP039799	O94776
EXP039819	P22670
EXP039842	Q8NFD5
EXP039890	A6NFI3
EXP039902	Q01167
EXP039909	Q9UJU2
EXP039911	P17544
EXP039934	P27540
EXP039937	Q8N680
EXP039946	A6NFI3
EXP039963	P17028
EXP039969	Q99459
EXP039978	Q99081
EXP039995	P15336
EXP040005	O15062
EXP040039	Q13422
EXP040040	Q13330
EXP040042	Q13422
EXP040051	Q01196
EXP040064	Q99676
EXP040069	P17028
EXP040097	P32519
EXP040098	P27540
EXP040103	P11474
EXP040108	P55347
EXP040131	P16989
EXP040144	Q9C0G0
EXP040148	Q8N108
EXP040161	Q68CP9
EXP040229	Q8IWY8
EXP040245	P18848
EXP040251	A0AVK6
EXP040255	P27540
EXP040267	P04150
EXP040270	Q8TAQ2
EXP040272	Q15788
EXP040274	O15062
EXP040281	Q15788
EXP040283	Q9UID6
EXP040288	Q9UDV7
EXP040293	Q9UID6
EXP040306	P59817
EXP040308	Q99676
EXP040309	Q9C0G0
EXP040312	P04150
EXP040316	Q12968
EXP039364	P55317
EXP039401	P55317
EXP040004	O14709
EXP039316	Q3SY52
EXP039323	Q96K83
EXP039358	Q6ZS27
EXP039417	Q8TD17
EXP039435	Q9Y467
EXP039445	Q9UJU3
EXP039531	Q9HCK0
EXP039566	Q9UQR1
EXP039624	P58317
EXP039625	Q96CX3
EXP039646	Q16670
EXP039664	Q5T0B9
EXP039675	Q7Z3V5
EXP039778	O14628
EXP039824	Q96RE9
EXP039858	Q8NDW4
EXP039918	Q9Y6Q3
EXP039933	Q5JNZ3
EXP039956	Q14526
EXP039964	Q68DI1
EXP040055	Q9NQ03
EXP040076	Q8N895
EXP040093	Q53GI3
EXP040152	Q6ZSS3
EXP040240	O75820
EXP039482	P17480
EXP040165	O95625
EXP040071	P49711
EXP039788	Q9Y543
EXP039846	P20749
EXP039961	P17676
EXP040181	P15408
EXP039355	P04150
EXP039357	P04150
EXP039850	P41212
EXP039994	P49711
EXP039384	P08047
EXP039448	P67809
EXP039710	Q15233
EXP039780	Q9H334
EXP039801	P55317
EXP039816	P35712
EXP040008	O15119
EXP040022	P17544
EXP040096	Q13422
EXP040287	Q9UDV7
EXP040314	P16220
EXP040323	P22670
EXP039524	P17010
EXP039004	Q99453
EXP039005	P23771
EXP039006	P61296
EXP038999	E9Q8T2
EXP038993	P97500
EXP038992	P97500
EXP038988	P97500
EXP038991	P97500
EXP038989	P97500
EXP038980	Q62432
EXP038978	Q62432
EXP038976	P02340
EXP038973	P15806
EXP038945	P01108
EXP038953	P01108
EXP038955	P01108
EXP038946	P01106
EXP038947	P01106
EXP038948	P01106
EXP038951	P01106
EXP038952	P01106
EXP038949	P01108
EXP038950	P01108
EXP038954	P01108
EXP038938	Q8N5P1
EXP038929	P20263
EXP038930	P48432
EXP038931	Q61473
EXP038932	P48432
EXP038933	Q61473
EXP038934	P20263
EXP038935	P20263
EXP038936	P20263
EXP038908	Q64287
EXP038889	P47930
EXP038884	Q61164
EXP038907	Q64287
EXP038923	P42227
EXP038906	Q64287
EXP038922	P42227
EXP038865	O35284
EXP038866	O35284
EXP038883	Q61164
EXP038905	Q64287
EXP038921	P42227
EXP038904	Q64287
EXP038920	P42227
EXP038878	P54843
EXP038879	P54843
EXP038913	P51450
EXP038902	Q64287
EXP038886	P97360
EXP038891	Q61221
EXP038885	P97360
EXP038876	O35284
EXP038875	O35284
EXP038873	O35284
EXP038901	Q64287
EXP038900	Q64287
EXP038916	P42227
EXP038898	Q64287
EXP038915	P42227
EXP038897	Q64287
EXP038896	Q64287
EXP038882	Q61164
EXP038910	P51450
EXP038914	P42227
EXP038864	O35284
EXP038881	Q61164
EXP038863	O35284
EXP038887	P47930
EXP038877	P54843
EXP038894	Q64287
EXP038892	Q64287
EXP038871	O35284
EXP038870	O35284
EXP038869	O35284
EXP038868	O35284
EXP038798	P03372
EXP038796	P03372
EXP038795	P03372
EXP038790	P03372
EXP038791	P03372
EXP038792	P03372
EXP038793	P03372
EXP038787	P55317
EXP038788	P55317
EXP038789	P03372
EXP038794	P03372
EXP038765	P55317
EXP038777	P03372
EXP038755	P53566
EXP038749	Q64287
EXP038700	P28033
EXP038701	P28033
EXP038702	P28033
EXP038703	P28033
EXP038704	P28033
EXP038705	Q00322
EXP038706	Q00322
EXP038707	Q00322
EXP038708	Q00322
EXP038709	Q00322
EXP038710	P01101
EXP038711	P01101
EXP038712	P01101
EXP038713	P01101
EXP038714	P01101
EXP038715	P09450
EXP038716	P09450
EXP038717	P09450
EXP038718	P09450
EXP038719	P09450
EXP038720	P15066
EXP038721	P15066
EXP038722	P15066
EXP038723	P15066
EXP038724	P15066
EXP038725	Q60765
EXP038726	Q60765
EXP038727	Q60765
EXP038728	Q60765
EXP038729	Q60765
EXP038740	Q01147
EXP038741	Q01147
EXP038742	Q01147
EXP038743	Q01147
EXP038744	Q01147
EXP038738	Q04207
EXP038730	Q04207
EXP038731	Q04207
EXP038732	Q04207
EXP038733	Q04207
EXP038734	Q04207
EXP038696	P42227
EXP038684	Q9NQV7
EXP038687	Q9NQV7
EXP038673	Q61164
EXP038676	Q61164
EXP038674	Q61164
EXP038677	Q61164
EXP038669	P35582
EXP038668	P35582
EXP038665	P35582
EXP038664	P35582
EXP038663	P35582
EXP038662	P35582
EXP038661	P35582
EXP038660	P35582
EXP038641	P23759
EXP038638	P50548
EXP038636	P10275
EXP038631	Q61164
EXP038630	Q61164
EXP038627	Q03347
EXP038624	P49711
EXP038623	P49711
EXP038607	P25490
EXP038608	P25490
EXP038609	P25490
EXP038610	P25490
EXP038616	P25490
EXP038617	P25490
EXP038618	P25490
EXP038619	P25490
EXP038598	P15066
EXP038597	P09450
EXP038596	P09450
EXP038581	P01108
EXP038580	P01108
EXP038577	Q92618
EXP038548	Q96N20
EXP038532	Q9UID6
EXP038533	Q9UID6
EXP038535	Q86VK4
EXP038543	Q12857
EXP038544	Q16656
EXP038523	Q8N680
EXP038527	Q9Y3Q8
EXP038528	P52630
EXP038530	Q13485
EXP038531	Q13485
EXP038536	Q16656
EXP038537	Q16656
EXP038538	Q16656
EXP038539	P17022
EXP038540	Q86VK4
EXP038522	Q16649
EXP038529	Q8NA19
EXP038559	Q14469
EXP038560	Q12968
EXP038561	Q9Y3Q8
EXP038562	Q13485
EXP038563	P15336
EXP038554	P41212
EXP038555	P41212
EXP038556	Q96LX8
EXP038557	Q9Y3Q8
EXP038558	Q15853
EXP038534	Q16520
EXP038545	Q99856
EXP038546	Q7Z7L9
EXP038547	Q15853
EXP038499	P30561
EXP038498	P30561
EXP038496	P30561
EXP038490	P30561
EXP038489	P30561
EXP038487	P30561
EXP038486	P30561
EXP038479	O43474
EXP038480	O43474
EXP038466	Q9HCE3
EXP038459	Q9WVL2
EXP038440	P15314
EXP038442	Q64287
EXP038443	Q64287
EXP038429	P05412
EXP038410	A1JVI8
EXP038411	A1JVI8
EXP038404	P15407
EXP038405	P01106
EXP038406	Q01094
EXP038407	P04637
EXP038401	Q9JKY3
EXP038399	P04198
EXP038398	P04198
EXP038397	P04198
EXP038392	P19785
EXP038393	P19785
EXP038361	P15314
EXP038362	P15314
EXP038363	P15314
EXP038364	P15314
EXP038365	P42225
EXP038366	P42225
EXP038367	P42225
EXP038368	P42225
EXP038330	P10242
EXP038328	O00409
EXP038325	Q99PV5
EXP038326	Q99PV5
EXP038315	Q04207
EXP038316	Q04207
EXP038317	Q04207
EXP038318	Q04207
EXP038319	Q04207
EXP038320	Q04207
EXP038321	Q04207
EXP038313	Q99PV8
EXP038310	Q61164
EXP038304	Q9UJU5
EXP038302	Q9WTL8
EXP038301	Q9WTL8
EXP038298	O75364
EXP038296	P15172
EXP038292	Q61164
EXP038291	Q61164
EXP038284	P03372
EXP038285	P06401
EXP038267	P49711
EXP038268	P49711
EXP038260	Q60793
EXP038259	Q60793
EXP038264	P20263
EXP038265	P48432
EXP038258	Q60793
EXP038261	P20263
EXP038262	P48432
EXP038263	Q60793
EXP038256	Q60793
EXP038257	Q60793
EXP038247	P46099
EXP038199	P32243
EXP038200	P32243
EXP038201	Q13562
EXP038202	P32243
EXP038203	P32243
EXP038204	P32243
EXP038205	P32243
EXP038206	Q13562
EXP038207	Q13562
EXP038208	Q13562
EXP038214	P32243
EXP038215	P32243
EXP038196	P32243
EXP038197	P32243
EXP038198	Q13562
EXP038209	P32243
EXP038210	P32243
EXP038211	Q13562
EXP038212	Q13562
EXP038213	Q13562
EXP038192	P10275
EXP038193	P10275
EXP038191	P10275
EXP038188	P10275
EXP038189	P10275
EXP038184	P23772
EXP038141	P20263
EXP038142	P48432
EXP038143	Q60793
EXP038170	Q80Z64
EXP038171	Q61539
EXP038169	P28033
EXP038178	P20263
EXP038179	P48432
EXP038180	Q60793
EXP038181	P01108
EXP038135	Q60793
EXP038137	P20263
EXP038138	P48432
EXP038139	Q60793
EXP038145	Q60793
EXP038146	Q60793
EXP038148	P20263
EXP038149	P48432
EXP038150	P48432
EXP038151	P20263
EXP038152	Q60793
EXP038153	P48432
EXP038154	Q60793
EXP038155	P20263
EXP038156	P48432
EXP038158	P20263
EXP038159	P48432
EXP038160	Q60793
EXP038161	P48755
EXP038162	P48755
EXP038163	Q03347
EXP038164	Q03347
EXP038165	P53566
EXP038166	P53566
EXP038167	P28033
EXP038168	P28033
EXP038172	P48755
EXP038173	P20263
EXP038174	Q60793
EXP038175	Q61539
EXP038176	P20263
EXP038177	Q60793
EXP038131	Q80Z64
EXP038127	Q61164
EXP038120	E9PZZ1
EXP038117	E9PZZ1
EXP038118	E9PZZ1
EXP038110	P48437
EXP038111	P48437
EXP038112	P48437
EXP038113	P49698
EXP038106	P10275
EXP038087	Q60611
EXP038088	Q60611
EXP038089	Q60611
EXP038084	Q13118
EXP038083	Q13118
EXP038082	Q13118
EXP038070	P17433
EXP038069	P17433
EXP038071	Q03347
EXP038064	P49698
EXP038066	Q9WUU6
EXP038065	Q9WUU6
EXP038060	Q13342
EXP038059	Q13342
EXP038054	P47239
EXP038053	P47239
EXP038041	P11308
EXP038028	Q99JB6
EXP038027	Q99JB6
EXP038022	P48432
EXP038020	P48432
EXP038018	P48432
EXP038017	P48432
EXP038006	Q03164
EXP038008	Q03164
EXP038005	Q03164
EXP038007	Q03164
EXP038009	Q03164
EXP038010	Q03164
EXP038000	P55200
EXP038001	P55200
EXP038003	P55200
EXP037991	Q61985
EXP037989	Q04206
EXP037987	Q04206
EXP037988	Q04206
EXP037982	Q62521
EXP037980	Q62521
EXP037972	Q61164
EXP037965	P49715
EXP037966	P17676
EXP037956	Q9Z2U4
EXP037958	Q9Z2U4
EXP037960	Q00422
EXP037961	Q00422
EXP037963	P17433
EXP037952	P49711
EXP037945	P20263
EXP037946	P20263
EXP037947	P48432
EXP037950	Q80Z64
EXP037939	P20263
EXP037941	P48432
EXP037943	Q80Z64
EXP037944	Q80Z64
EXP037923	P22449
EXP037926	P22449
EXP037927	P22449
EXP037928	P22449
EXP037930	Q62735
EXP037933	Q62735
EXP037934	Q62735
EXP037908	O54963
EXP037905	Q07802
EXP037904	Q07802
EXP037901	P50553
EXP037896	P26367
EXP037879	P17676
EXP037880	P17676
EXP037881	P17676
EXP037882	P17676
EXP037877	Q61164
EXP037876	Q61164
EXP037875	Q61164
EXP037874	Q61164
EXP037869	Q61164
EXP037867	Q61164
EXP037866	Q61164
EXP037865	Q61164
EXP037864	Q61164
EXP037860	Q61164
EXP037870	Q61164
EXP037811	P42225
EXP037808	P01108
EXP037801	P49711
EXP037800	P49711
EXP037799	P49711
EXP037793	O95238
EXP037792	P43699
EXP037787	P42230
EXP037772	Q64287
EXP037771	Q64287
EXP037765	P01106
EXP037766	P01106
EXP037764	P01106
EXP037759	P01106
EXP037753	P42227
EXP037754	P42227
EXP037755	P42227
EXP037756	P42227
EXP037750	P04637
EXP037751	P04637
EXP037748	P04637
EXP037749	P04637
EXP037740	P14921
EXP037741	Q04206
EXP037742	P05412
EXP037731	O35426
EXP037733	O35426
EXP037735	O35426
EXP037737	O35426
EXP037738	O35426
EXP037729	Q9WTN3
EXP037722	P43694
EXP037723	Q99593
EXP037720	P43694
EXP037721	Q99593
EXP037716	P43694
EXP037717	Q99593
EXP037714	P43694
EXP037715	Q99593
EXP037712	P43694
EXP037713	Q99593
EXP037704	P40763
EXP037703	P40763
EXP037702	P40763
EXP037701	P40763
EXP037699	P40763
EXP037698	P40763
EXP037682	Q9NZC4
EXP037676	Q03164
EXP037677	Q9UMN6
EXP037661	Q64287
EXP037662	Q64287
EXP037659	O35284
EXP037660	Q64287
EXP037663	Q64287
EXP037665	Q64287
EXP037666	Q64287
EXP037655	P03372
EXP037656	P03372
EXP037644	P28033
EXP037640	P28033
EXP037629	Q9BUG6
EXP037630	P0CG00
EXP037631	A6NJL1
EXP037628	A6NJL1
EXP037605	P70338
EXP037606	P70338
EXP037590	P03372
EXP037591	P55317
EXP037592	P03372
EXP037593	P55317
EXP037587	Q61164
EXP037582	Q3UXZ9
EXP037584	Q3UXZ9
EXP037569	P53566
EXP037570	P28033
EXP037571	P81270
EXP037572	P26323
EXP037573	O09100
EXP037575	O70237
EXP037576	P27792
EXP037577	Q60954
EXP037578	Q03347
EXP037579	P17433
EXP037567	Q01167
EXP037564	P42229
EXP037563	P42229
EXP037559	P70396
EXP037550	O08580
EXP037529	P04198
EXP037530	P15172
EXP037531	P15173
EXP037532	P49711
EXP037527	Q03164
EXP037525	Q03164
EXP037523	Q03164
EXP037522	Q03164
EXP037521	Q03164
EXP037519	Q03164
EXP037518	Q03164
EXP037517	Q03164
EXP037505	P55200
EXP037499	Q62296
EXP037501	P30051
EXP037498	Q62296
EXP037500	P30051
EXP037485	P35582
EXP037491	Q60954
EXP037492	P41778
EXP037490	Q60954
EXP037489	Q60954
EXP037488	Q60954
EXP037487	Q60954
EXP037484	P35582
EXP037486	Q60954
EXP037463	P23708
EXP037465	P23708
EXP037459	P49711
EXP037443	P03372
EXP037444	P03372
EXP037445	P03372
EXP037446	P03372
EXP037447	P04150
EXP037448	P04150
EXP037449	P04150
EXP037450	P04150
EXP037451	P04150
EXP037452	P04150
EXP037453	P04150
EXP037454	P04150
EXP037455	P23771
EXP037441	Q9UL17
EXP037440	Q9UL17
EXP037434	P55317
EXP037433	P55317
EXP037435	Q6ISB3
EXP037430	Q04887
EXP037428	P51960
EXP037425	P18847
EXP037426	P18847
EXP037420	Q01147
EXP037414	P06537
EXP037416	P53566
EXP037419	Q01147
EXP037418	Q01147
EXP037411	P06537
EXP037405	P70217
EXP037401	O08580
EXP037399	P19544
EXP037394	Q14186
EXP037395	Q01094
EXP037392	Q14186
EXP037388	Q61164
EXP037364	P50481
EXP037382	P50481
EXP037380	P50481
EXP037381	P50481
EXP037383	P50481
EXP037376	O08792
EXP037377	P61372
EXP037379	Q6XBJ3
EXP037374	P61372
EXP037375	P50481
EXP037363	P20263
EXP037371	P61372
EXP037372	P50481
EXP037373	P70447
EXP037362	P20263
EXP037367	P50481
EXP037361	P20263
EXP037366	P70447
EXP037348	Q80Z64
EXP037326	P02340
EXP037329	P02340
EXP037332	P02340
EXP037335	P02340
EXP037338	P02340
EXP037341	P02340
EXP037325	P02340
EXP037328	P02340
EXP037331	P02340
EXP037334	P02340
EXP037337	P02340
EXP037340	P02340
EXP037319	P02340
EXP037323	P02340
EXP037318	P02340
EXP037317	P02340
EXP037321	P02340
EXP037316	P02340
EXP037320	P02340
EXP037300	P42586
EXP037297	Q62315
EXP037298	Q62315
EXP037292	Q04207
EXP037290	Q04207
EXP037289	Q04207
EXP037276	Q9WTN3
EXP037263	P10275
EXP037258	P17433
EXP037251	O08550
EXP037250	O08550
EXP037246	O08550
EXP037247	O08550
EXP037248	O08550
EXP037241	O08550
EXP037242	O08550
EXP037243	O08550
EXP037240	O08550
EXP037220	Q3URK3
EXP037221	Q3URK3
EXP037222	Q3URK3
EXP037223	Q3URK3
EXP037224	Q3URK3
EXP037226	Q3URK3
EXP037216	P27889
EXP037212	P46684
EXP037210	Q99LI5
EXP037208	Q8VI24
EXP037206	Q60611
EXP037204	Q13950
EXP037198	Q60793
EXP037173	Q61164
EXP037174	Q08775
EXP037169	Q61164
EXP037170	Q08775
EXP037168	Q08775
EXP037162	P55200
EXP037158	Q06945
EXP037159	Q06945
EXP037160	Q06945
EXP037156	Q9H2A3
EXP037157	Q9H2A3
EXP037154	Q9H2A3
EXP037155	Q9H2A3
EXP037152	Q9H2A3
EXP037153	Q9H2A3
EXP037150	Q9H2A3
EXP037151	Q9H2A3
EXP037148	Q9H2A3
EXP037149	Q9H2A3
EXP037146	Q9H2A3
EXP037147	Q9H2A3
EXP037126	P55317
EXP037125	P55317
EXP037120	Q9H9S0
EXP037122	Q9H9S0
EXP037107	Q62520
EXP037108	P80206
EXP037110	P20263
EXP037111	P21952
EXP037113	P80206
EXP037115	P20263
EXP037104	O08550
EXP037086	P53566
EXP037090	P28033
EXP037074	P48432
EXP037067	P10275
EXP037068	P01106
EXP037069	P01106
EXP037060	Q6PZD9
EXP037062	Q6PZD9
EXP037055	P11308
EXP037056	P11308
EXP037057	P11308
EXP037050	P34056
EXP037028	Q9R1R0
EXP037026	P46099
EXP037022	Q92786
EXP037021	Q92786
EXP037020	Q92786
EXP037018	Q92786
EXP037010	P97471
EXP037009	Q9EQW6
EXP037008	Q9QZQ0
EXP037003	O54963
EXP037001	O54963
EXP037002	O54963
EXP036969	P52747
EXP036965	P10085
EXP036954	P31269
EXP036955	P31269
EXP036943	Q9WTL8
EXP036946	O08785
EXP036947	O08785
EXP036948	O08785
EXP036949	O08785
EXP036950	O08785
EXP036951	O08785
EXP036939	Q9WTL8
EXP036940	Q9WTL8
EXP036934	Q13422
EXP036936	Q13422
EXP036933	Q13422
EXP036935	Q13422
EXP036928	P56270
EXP036922	P23204
EXP036926	P23204
EXP036925	P28700
EXP036914	P40645
EXP036913	P35710
EXP036908	Q15788
EXP036907	P03372
EXP036890	P49711
EXP036887	P10275
EXP036879	P28700
EXP036881	P28700
EXP036875	P04637
EXP036872	P04637
EXP036829	P04637
EXP036828	P04637
EXP036826	P04637
EXP036824	P04637
EXP036816	Q60929
EXP036817	Q60929
EXP036818	Q60929
EXP036819	Q60929
EXP039922	Q61827
EXP040186	O75376
EXP039423	Q13127
EXP039551	P29375
EXP039760	Q9UGL1
EXP039344	P03372
EXP039349	P03372
EXP039356	P03372
EXP039367	P03372
EXP039851	Q96GC6
EXP039508	Q61069
EXP040007	Q61286
EXP039446	Q61286
EXP039530	Q9WU00
EXP039970	Q9UMN6
EXP039346	P03372
EXP039348	P04150
EXP039353	P03372
EXP039354	P03372
EXP039360	P04150
EXP039403	P03372
EXP039324	P04150
EXP039325	P04150
EXP039326	P04150
EXP039351	P04150
EXP039396	P16220
EXP039397	P16220
EXP039399	P16220
